1,Clarence Kennard,Bangalore,2
2,Neddy Madden,Chennai,3
3,Germaine Lean,Mumbai,5
4,Arlena Pllu,Bangalore,2
5,Berry Hawk,Pune,2
6,Deeann Lightoller,Hyderabad,1
7,Lorant Clohisey,Pune,3
8,Rice Drinkel,Chennai,4
9,Benton Goutcher,Pune,5
10,Frieda Vye,Mumbai,4
11,Wildon Jurczyk,Mumbai,1
12,Jaquith Castana,Bangalore,1
13,Janene Dabling,Bangalore,1
14,Nefen Leel,Chennai,4
15,Arv Wike,Pune,2
16,Shane Cantero,Bangalore,2
17,Bertie Stolli,Bangalore,4
18,Tersina Blaise,Mumbai,5
19,Barby Prichet,Pune,5
20,Giselle Minkin,Pune,4
21,Cherice Fairhead,Hyderabad,4
22,Shannon Weathey,Bangalore,5
23,Clarke Durn,Pune,4
24,Halie Meates,Chennai,2
25,Melisandra Goby,Mumbai,2
26,Orsola Uphill,Mumbai,3
27,Brigida Bellchamber,Mumbai,5
28,Meta Blouet,Chennai,5
29,Druci Thomen,Chennai,3
30,Berkly Gives,Chennai,3
31,Abram Bowness,Chennai,4
32,Boote Gladden,Mumbai,5
33,Lorie Gaine,Pune,4
34,Kerwinn Pashby,Hyderabad,3
35,Irvin Daniaud,Chennai,3
36,Gabby Jarry,Hyderabad,4
37,Lois Southerton,Chennai,4
38,Margaretha Carvilla,Chennai,2
39,Pall Grigoire,Bangalore,3
40,Gilemette Capon,Hyderabad,3
41,Madeleine Donativo,Chennai,5
42,Violet Lorimer,Mumbai,4
43,Dayle Shayler,Mumbai,3
44,Oneida Maggill'Andreis,Pune,4
45,Yvonne Cleveley,Chennai,3
46,Marj Acarson,Hyderabad,5
47,Samuel Ox,Mumbai,3
48,Ade Handley,Pune,5
49,Vachel Lockitt,Mumbai,4
50,Adan Perrie,Bangalore,3
51,Logan Asher,Bangalore,3
52,Howie Rival,Chennai,3
53,Staford Davion,Chennai,5
54,Sherill Treadger,Mumbai,3
55,Penn Kasbye,Pune,2
56,Regen Blencowe,Bangalore,4
57,Suki Skipworth,Hyderabad,1
58,Say Collomosse,Mumbai,1
59,Diego Northern,Bangalore,5
60,Johnath Dacres,Bangalore,1
61,Andy Swallwell,Pune,2
62,Bordy Duffit,Bangalore,2
63,Rich McHardy,Bangalore,2
64,Petrina Tale,Hyderabad,4
65,Irma Yakovliv,Bangalore,5
66,Georgiana Oppie,Pune,1
67,Julia Gaine of England,Bangalore,5
68,Shannen Otridge,Pune,5
69,Galvin Vail,Mumbai,1
70,Tybalt Penburton,Hyderabad,1
71,Lewes Decourcy,Hyderabad,3
72,Arvin Duker,Pune,5
73,Tudor Costello,Chennai,5
74,Philippine Stangroom,Pune,4
75,Mickey Denham,Bangalore,5
76,Adella Midden,Hyderabad,4
77,Minerva Reder,Pune,1
78,Friedrich Freeburn,Mumbai,1
79,Jess Boog,Hyderabad,3
80,Cathryn Temporal,Chennai,2
81,Blaine Sowle,Bangalore,4
82,Marita Mariner,Mumbai,4
83,Gwenore Normadell,Hyderabad,4
84,Harry Deetch,Hyderabad,3
85,Margery Sambiedge,Mumbai,3
86,Nolana Kloisner,Chennai,1
87,Rosco Rielly,Chennai,5
88,Steffie Hissie,Hyderabad,3
89,Myrle Stancliffe,Hyderabad,2
90,Sapphire Karpychev,Mumbai,3
91,Lynnea Bennet,Mumbai,4
92,Hedi MacDunleavy,Mumbai,3
93,Rutherford Sheryn,Chennai,3
94,Davin Littrik,Hyderabad,4
95,Nickolaus Leser,Chennai,1
96,Nara Bartles,Bangalore,1
97,Melisent Carbry,Chennai,4
98,Susanna Henrys,Pune,5
99,Melessa Speere,Bangalore,1
100,Biddie Wedderburn,Chennai,2
101,Koo Piscopo,Mumbai,1
102,Deloris De Biasi,Chennai,1
103,Gwendolyn Mein,Bangalore,1
104,Florance Boylin,Pune,4
105,Hildagard Grason,Pune,4
106,Sheilakathryn Borris,Hyderabad,2
107,Horacio Luparti,Bangalore,1
108,Luce Ropars,Pune,5
109,Irwin Haugen,Mumbai,3
110,Georgia Rioch,Hyderabad,4
111,Allix Beeton,Mumbai,4
112,Tucker Dank,Bangalore,3
113,Salvador Kiggel,Bangalore,3
114,Alanna Sandiland,Mumbai,3
115,Hamilton Castanares,Mumbai,2
116,Briano Collinge,Chennai,3
117,Violet Tales,Chennai,2
118,Courtenay Ellor,Bangalore,2
119,Gabrielle Ganderton,Chennai,1
120,Melessa Barbera,Bangalore,2
121,Shandra Garlicke,Chennai,5
122,Debra Bicksteth,Pune,1
123,Ardys Skitch,Hyderabad,4
124,Solly Broadey,Hyderabad,1
125,Catie Eldred,Pune,1
126,Maurizia Shimmans,Pune,2
127,Itch Grishanov,Pune,3
128,Rikki Meaney,Pune,5
129,Isa Casserley,Hyderabad,3
130,Kathleen Ducket,Pune,2
131,Remy Oen,Pune,2
132,Salmon Cromett,Chennai,2
133,Pennie Pooke,Bangalore,5
134,Butch Sherland,Hyderabad,4
135,Darn Placide,Mumbai,3
136,Tessie Mandres,Pune,2
137,Flossie Fewster,Chennai,1
138,Astrid Stollwerk,Bangalore,2
139,Conney Skippen,Pune,3
140,Guthry Veivers,Mumbai,3
141,Selena Squibb,Chennai,5
142,Wait Luard,Chennai,3
143,Moss Gostyke,Hyderabad,3
144,Brion Cannon,Bangalore,5
145,Cozmo Dupoy,Mumbai,1
146,Corabel Mynett,Bangalore,2
147,Braden Stailey,Hyderabad,4
148,Alverta Wales,Pune,2
149,Montague Hotson,Hyderabad,1
150,Birdie Ogers,Chennai,1
151,Gail Skeldinge,Hyderabad,1
152,Jethro Jendrusch,Mumbai,3
153,Allene Sich,Pune,4
154,Carling Vogeller,Chennai,5
155,Eben Stoltz,Chennai,4
156,Geordie Riddington,Hyderabad,2
157,Randi Teresa,Bangalore,4
158,Bernetta Mustill,Bangalore,2
159,Siffre Weaben,Hyderabad,2
160,Stephie Nunes Nabarro,Chennai,1
161,Reinhard Farny,Pune,2
162,Mitchel Dyzart,Mumbai,4
163,Jacky Scurfield,Mumbai,4
164,Charity Solesbury,Chennai,3
165,Sydney Penella,Mumbai,3
166,Worth Sayre,Hyderabad,4
167,Cherrita Keveren,Mumbai,2
168,Winnah Blore,Hyderabad,3
169,Pyotr Woolmington,Mumbai,5
170,Sela Gonnely,Chennai,3
171,Dario Blondelle,Pune,3
172,Ulrica Hawley,Bangalore,4
173,Kerwinn Coveley,Bangalore,1
174,Alina Moralee,Mumbai,4
175,Gayle Goby,Mumbai,5
176,Augustina Grattage,Hyderabad,2
177,Corrianne Baggallay,Bangalore,4
178,Drucy Crambie,Pune,5
179,Wyatan Alenichev,Mumbai,4
180,Barbee Furminger,Mumbai,1
181,Charin Lewens,Pune,5
182,Bill Fahrenbach,Pune,4
183,Dorine Allbrook,Pune,4
184,Franni Coffelt,Pune,2
185,Der Wherrit,Chennai,1
186,Cullan Harrowing,Chennai,1
187,Walther Pleat,Hyderabad,3
188,Yovonnda Ventum,Bangalore,3
189,Elwood Hoyland,Chennai,1
190,Burt Turnock,Bangalore,4
191,Allyson Fell,Pune,4
192,Tabbi Muddicliffe,Bangalore,1
193,Holt Cull,Bangalore,1
194,Jourdan Fowden,Pune,5
195,Hagan Shalcros,Hyderabad,1
196,Andris Cholmondeley,Mumbai,1
197,Chanda Redhills,Chennai,1
198,Muriel Benoiton,Bangalore,1
199,Danny Papez,Hyderabad,4
200,Merlina Libbis,Hyderabad,1
201,Wylma Valerius,Bangalore,2
202,Zebulon Rocco,Chennai,1
203,Constanta Privost,Hyderabad,5
204,Selia Tibols,Mumbai,3
205,Odelinda Matveyev,Mumbai,3
206,Kynthia Biagi,Bangalore,1
207,Ermengarde Prestage,Mumbai,2
208,Bax Paike,Mumbai,4
209,Willi Cleminshaw,Chennai,5
210,Otes Kenset,Pune,4
211,Kelsey Perot,Bangalore,4
212,Marian D'Elias,Mumbai,4
213,Kally Bambra,Hyderabad,5
214,Rosalyn Holton,Pune,4
215,Augustine Otson,Mumbai,5
216,Corette Flips,Pune,5
217,Estrellita Nayer,Chennai,1
218,Lisetta Wigley,Hyderabad,5
219,Garald Roderighi,Pune,3
220,Vinson Goldby,Bangalore,3
221,Adelice de Savery,Hyderabad,1
222,Dunn Jeannesson,Mumbai,5
223,Brynn Playden,Hyderabad,4
224,Darda Hollingshead,Mumbai,2
225,Candra Stockow,Pune,1
226,Ottilie Hainsworth,Pune,5
227,Westley Debrett,Mumbai,5
228,Tyler Corrington,Bangalore,4
229,Vivien Horsell,Mumbai,5
230,Vivian Barlace,Bangalore,1
231,Othella Buckles,Mumbai,2
232,Hildegarde Sperski,Pune,2
233,Gail Zeplin,Bangalore,5
234,Myrna Rawle,Pune,5
235,Clair Lumber,Hyderabad,3
236,Fenelia Cremer,Hyderabad,5
237,Elladine Aingell,Pune,4
238,Parke Deeming,Chennai,3
239,Leontine Hanselmann,Mumbai,3
240,Mateo Easson,Bangalore,1
241,Mac Beach,Mumbai,3
242,Ginny Longwood,Pune,3
243,Betta Luther,Pune,1
244,Shara Horder,Hyderabad,2
245,Coral Hanscom,Chennai,3
246,Ashlen Tyrie,Chennai,2
247,Doe Fewlass,Chennai,3
248,Nataniel Lambal,Mumbai,2
249,Griffy Graddon,Pune,1
250,De witt McElrea,Mumbai,3
251,Ronda Kenworth,Bangalore,2
252,Fransisco Pods,Bangalore,3
253,Tatiania Monkley,Bangalore,4
254,Ag Kubec,Bangalore,1
255,Maible Heijne,Chennai,1
256,Bevvy Rapinett,Mumbai,5
257,Liam Lantaph,Hyderabad,4
258,Sayers Menary,Bangalore,4
259,Ettore Houlridge,Chennai,2
260,Sanson Philipsohn,Chennai,5
261,Wallie Coger,Pune,4
262,Vitia Friel,Chennai,2
263,Krystle Nieass,Bangalore,1
264,Crystie Silverson,Bangalore,1
265,Gerrilee Kleinhaus,Chennai,3
266,Augustina Floyd,Mumbai,1
267,Leone Kitchingman,Mumbai,4
268,Alison Tinan,Hyderabad,2
269,Vlad Lambal,Hyderabad,3
270,Shari Painswick,Hyderabad,1
271,Aurthur Ravilus,Chennai,5
272,Stacy Brandoni,Bangalore,2
273,Leola Stennings,Mumbai,2
274,Trever Mattingley,Bangalore,1
275,Daphene Srutton,Pune,4
276,Sammy Gallo,Chennai,1
277,Tony Rennocks,Pune,3
278,Mela McPake,Pune,5
279,Ozzie Brettle,Chennai,2
280,Bebe Broughton,Bangalore,3
281,Rogers Andrez,Bangalore,5
282,Esme Alder,Hyderabad,3
283,Kaine Feare,Hyderabad,3
284,Law Gowen,Mumbai,1
285,Erny Bengtsson,Pune,1
286,Elladine Benedick,Mumbai,5
287,Lorraine Rennicks,Mumbai,2
288,Merralee Guye,Mumbai,1
289,Rosabel Juarez,Hyderabad,2
290,Walsh Collar,Hyderabad,2
291,Lionel Bovey,Chennai,2
292,Emeline Raffeorty,Hyderabad,5
293,Florrie Beche,Chennai,3
294,Cesya Dearan,Hyderabad,4
295,Sela Tidmarsh,Pune,5
296,Reese Grigor,Pune,3
297,Cherise Noblet,Pune,1
298,Pru Morritt,Chennai,4
299,Cleopatra Allsebrook,Pune,3
300,Frederich Christophe,Chennai,4
301,Lindsay Outhwaite,Bangalore,4
302,Dari McGraffin,Chennai,4
303,Mignon Braisby,Hyderabad,1
304,Lorianna Cuckoo,Hyderabad,2
305,Vickie Twaits,Pune,5
306,Wilmette Coppledike,Bangalore,5
307,Lucille Raittie,Bangalore,3
308,Conney Berks,Chennai,5
309,Meir Ledger,Chennai,4
310,Anneliese Petruskevich,Pune,5
311,Carmon Obee,Mumbai,4
312,Theresa Remer,Mumbai,3
313,Shelli Duck,Mumbai,5
314,Munroe Hackelton,Chennai,2
315,Karilynn Abela,Chennai,2
316,Jobina Bursnoll,Pune,5
317,Briano Teague,Pune,1
318,Alfie Garaway,Mumbai,5
319,Jamie Ambrois,Hyderabad,3
320,Bea Bevans,Mumbai,4
321,Loni Connop,Chennai,3
322,Jereme Lydford,Hyderabad,2
323,Siana Dell Casa,Bangalore,5
324,Eachelle Ochterlony,Mumbai,4
325,Jimmy Jaray,Bangalore,5
326,Ronni Huzzey,Chennai,5
327,Diahann Ormshaw,Bangalore,1
328,Brook Brierley,Bangalore,3
329,Matilda Stuehmeyer,Bangalore,2
330,Flory Lyptratt,Hyderabad,4
331,Zara Holdey,Bangalore,3
332,Cairistiona Pottell,Hyderabad,2
333,Faber Biddwell,Pune,2
334,Devi Phizacklea,Bangalore,4
335,Kaylil Salt,Chennai,2
336,Rafael Ferrillo,Hyderabad,5
337,Milissent Rimmington,Hyderabad,2
338,Rani Tucknott,Bangalore,5
339,Ganny Gary,Hyderabad,3
340,Maje Clubley,Hyderabad,1
341,Maisie Stockney,Chennai,5
342,Edin Sturdey,Bangalore,5
343,Andrus Packwood,Hyderabad,2
344,Hendrika Pinwill,Hyderabad,1
345,Aldridge Mulhall,Chennai,5
346,Hanny Whinray,Chennai,4
347,Shayna Memmory,Chennai,3
348,Wyndham Eldin,Bangalore,4
349,Maryjane Mullenger,Hyderabad,3
350,Trevor Goldwater,Hyderabad,2
351,Kit Treacher,Pune,5
352,Tammie Sisneros,Chennai,3
353,Marylee Ayers,Mumbai,5
354,Fonz Stanlike,Hyderabad,4
355,Palm Tedorenko,Mumbai,5
356,Rosana Tabour,Chennai,2
357,Fay Lampert,Mumbai,2
358,Klara Hrinishin,Bangalore,5
359,Caye Winterflood,Mumbai,4
360,Denis Sulter,Hyderabad,5
361,Francklin Whenham,Mumbai,1
362,Farlay Blazic,Chennai,5
363,Barde Fairbank,Hyderabad,1
364,Sula Ambrosi,Pune,1
365,Kettie Hubbucke,Mumbai,4
366,Kristen Clulow,Mumbai,5
367,Gael Fullerton,Pune,1
368,Clair Aggiss,Mumbai,4
369,Merilee Mitchelhill,Chennai,3
370,Brock Zannuto,Pune,4
371,Ysabel Crumley,Pune,1
372,Hyacinth Sturch,Mumbai,1
373,Eleen Stanluck,Bangalore,4
374,Rosie Parradice,Bangalore,3
375,Michaella Bailey,Bangalore,3
376,Fanechka Russi,Mumbai,1
377,Dani Vann,Pune,3
378,Skyler Hurdiss,Chennai,2
379,Allys Reynard,Hyderabad,2
380,Al Bodycomb,Chennai,1
381,Currey Bonham,Chennai,5
382,Sigmund Lavington,Pune,5
383,Rhianon McWard,Bangalore,1
384,Arnuad Daws,Hyderabad,2
385,Darda Consadine,Mumbai,3
386,Fran Bartomieu,Mumbai,2
387,Christiano Triggol,Chennai,4
388,Alexis Ioannidis,Bangalore,4
389,Karly MacElane,Mumbai,5
390,Guillermo Gillmore,Chennai,5
391,Sid Mabbutt,Mumbai,4
392,Kin Ramsdale,Chennai,5
393,Budd Kropach,Pune,5
394,Clerc Woolens,Pune,3
395,Lyndsie Avory,Hyderabad,2
396,Mirabella Gartery,Chennai,3
397,Stoddard Cockran,Mumbai,3
398,Jeffrey Estcourt,Chennai,2
399,Brocky Harby,Bangalore,3
400,Selia Fairbanks,Hyderabad,3
401,Judd Bulward,Chennai,4
402,Blythe Neild,Pune,1
403,Tomi Rove,Pune,3
404,Jorry Riseborough,Bangalore,4
405,Zebadiah Burman,Chennai,5
406,Maressa Bertholin,Hyderabad,5
407,Hilda Skillington,Hyderabad,5
408,Andros Gabbetis,Bangalore,3
409,Marti Harberer,Hyderabad,1
410,Celka Scattergood,Bangalore,3
411,Cate Peterken,Pune,5
412,Dew Lamzed,Bangalore,1
413,Emalia Tayt,Mumbai,3
414,Bibbye Hucknall,Mumbai,4
415,Paton Dillingstone,Chennai,3
416,Filbert Rosenstein,Chennai,2
417,Amery Capell,Chennai,1
418,Carlita Deave,Hyderabad,5
419,Dolly Rosbottom,Chennai,3
420,Kristina Chate,Mumbai,2
421,Bria Oris,Pune,4
422,Manny MacVanamy,Chennai,2
423,Niki Seyers,Chennai,3
424,Ezechiel Exrol,Pune,3
425,Ave Dulany,Bangalore,1
426,Raffarty Stannah,Chennai,4
427,Zechariah Pounder,Pune,5
428,Remus O'Keaveny,Mumbai,3
429,Phaidra Joiner,Bangalore,2
430,Tabbie Steeples,Pune,3
431,Vaclav Bollis,Bangalore,2
432,Kristofor Moffatt,Bangalore,1
433,Brigitta Balazin,Bangalore,1
434,Nelie Olorenshaw,Chennai,1
435,Dallas Chasmar,Mumbai,1
436,Correna Roadknight,Pune,1
437,Ariela Klehyn,Mumbai,4
438,Martin Chansonnau,Hyderabad,1
439,Paolo Penhalewick,Hyderabad,5
440,Collete Crawshay,Pune,3
441,Elisa Speers,Bangalore,4
442,Ailee Cantu,Hyderabad,2
443,Griffin Pattesall,Chennai,4
444,Toddy Balcock,Chennai,3
445,Gianina Worgan,Hyderabad,5
446,Jennie MacFadyen,Mumbai,4
447,Valentin Portis,Hyderabad,1
448,Kienan Scrane,Chennai,3
449,Willa Semmence,Pune,1
450,Lissie Rubinsztein,Hyderabad,4
451,Abbie Sayes,Mumbai,1
452,Leon Griffin,Hyderabad,5
453,Tallou Aslin,Bangalore,2
454,Kendal Berriman,Pune,5
455,Kimberli Ditt,Pune,2
456,Kelly Glamart,Pune,5
457,Jillane Carnson,Mumbai,1
458,Lucille Maggorini,Pune,3
459,Modesta Wildbore,Chennai,5
460,Tatiana Torpie,Chennai,3
461,Keeley Gini,Pune,5
462,Wylie Pikhno,Hyderabad,5
463,Christiana Weld,Hyderabad,3
464,Cordey Raubenheimers,Pune,3
465,Mohandas Cicchinelli,Mumbai,5
466,Dosi Riddock,Bangalore,1
467,Thorstein Karpfen,Bangalore,3
468,Roseann Vouls,Hyderabad,3
469,Lydon Ethersey,Pune,5
470,Henriette Skingley,Pune,4
471,Sayers Upshall,Pune,3
472,Arabel Dollar,Mumbai,4
473,Virginia Defont,Bangalore,2
474,Jo-anne Showen,Mumbai,3
475,Guido Doohey,Pune,2
476,Corena Elleray,Chennai,1
477,Elmer Goneau,Pune,2
478,Craig Rudloff,Pune,2
479,Jennine Warsop,Mumbai,2
480,Shellysheldon Karadzas,Pune,3
481,Bettine Seabon,Chennai,1
482,Arabele Thurlby,Hyderabad,4
483,Lem Winram,Bangalore,4
484,Brynna Orthmann,Pune,2
485,Bebe Larkin,Pune,4
486,Derry Loveitt,Pune,5
487,Johnna Einchcombe,Bangalore,5
488,Danica Ivanchikov,Hyderabad,5
489,Alyssa Sloam,Chennai,5
490,Julianna Amoore,Bangalore,5
491,Ulrikaumeko Yaus,Pune,4
492,Aidan Jovanovic,Pune,2
493,Belia Lightollers,Bangalore,1
494,Glori Mollatt,Pune,3
495,Leanor Klewer,Mumbai,1
496,Dyana Perrins,Hyderabad,2
497,Ray Furze,Mumbai,5
498,Addison Lowson,Chennai,1
499,Row Warrick,Pune,2
500,Drud Bonelle,Hyderabad,1
501,Jae Bleibaum,Mumbai,3
502,Peggy Siberry,Pune,3
503,Colby Fettis,Chennai,4
504,Jemimah Briereton,Bangalore,1
505,Nonie Vlasyev,Hyderabad,4
506,Bradan Amburgy,Chennai,1
507,Burg Scarrisbrick,Hyderabad,5
508,Nona Tackle,Hyderabad,3
509,Jorrie Kilmaster,Chennai,1
510,Minnaminnie Blakeborough,Hyderabad,1
511,Hogan Mc Caughen,Chennai,2
512,Tanhya Harcarse,Chennai,2
513,Tannie Hoyes,Chennai,1
514,Riva Cherrington,Pune,3
515,Alison Jedrzejczyk,Mumbai,5
516,Wallis Slater,Hyderabad,1
517,Muffin Winn,Bangalore,1
518,Livvie Sincock,Bangalore,1
519,Jolee Bletsoe,Chennai,3
520,Selena Laviss,Mumbai,4
521,Duke Dorgon,Mumbai,2
522,Sean Sheers,Pune,1
523,Ingeborg Golden of Ireland,Mumbai,4
524,Ely Quest,Chennai,1
525,Matthus Lis,Pune,2
526,Marjy Vase,Mumbai,1
527,Natty Vicker,Pune,5
528,Sibeal Omrod,Mumbai,3
529,Garrek Lafee,Bangalore,4
530,Ashleigh Okroy,Mumbai,2
531,Jenica Withrington,Hyderabad,2
532,Cindee Biner,Hyderabad,5
533,Megan Hradsky,Chennai,5
534,Cad Faichney,Hyderabad,4
535,Orland Reyner,Hyderabad,5
536,Garrik Hayesman,Mumbai,5
537,Tatiana Erdis,Chennai,3
538,Chico Room,Pune,2
539,Millard Durban,Bangalore,2
540,Wilona Norris,Hyderabad,3
541,Reinwald Gimblett,Chennai,3
542,Kyrstin Lopez,Hyderabad,1
543,Rickie Shellibeer,Hyderabad,1
544,Clemmie Roon,Pune,3
545,Karole Haining,Bangalore,5
546,Herby Mutter,Mumbai,5
547,Shandeigh Capozzi,Pune,5
548,Jodi Renols,Pune,5
549,Dorice Whitley,Chennai,5
550,Derk Cardinale,Bangalore,1
551,Emmett Loghan,Hyderabad,1
552,Tommi Lathleiffure,Bangalore,1
553,Almira Stock,Pune,2
554,Lovell Wearden,Pune,1
555,Shir Twine,Pune,2
556,Lorain Crebott,Mumbai,5
557,Wilma Schechter,Hyderabad,3
558,Kitty Popham,Mumbai,1
559,Melinde Edsell,Pune,1
560,Gusti Bisatt,Pune,1
561,Reynolds Summerton,Pune,2
562,Freeman Southerden,Pune,2
563,Angelica Montez,Bangalore,2
564,Jefferson Belfield,Mumbai,3
565,Giffy Crankhorn,Bangalore,4
566,Linus Kristiansen,Mumbai,4
567,Greggory Baise,Chennai,1
568,Kirk Iacabucci,Chennai,3
569,Nico Crosskill,Chennai,3
570,Nessa Jagger,Hyderabad,5
571,Della O'Sheils,Hyderabad,5
572,Mohandis Baraja,Bangalore,1
573,Tracie Moar,Pune,2
574,Staford Tough,Pune,5
575,Hedy Cadogan,Pune,3
576,Micheline Richemont,Mumbai,3
577,Liz MacGeaney,Mumbai,5
578,Munmro Escofier,Hyderabad,4
579,Michell Tribbeck,Mumbai,1
580,Ardath Cornehl,Pune,4
581,Demetra Bockin,Hyderabad,4
582,Sari Sealey,Pune,1
583,Beatrisa Alessandone,Pune,2
584,Cointon Andress,Hyderabad,2
585,Lonnard D'Aeth,Pune,4
586,Tallulah Dransfield,Pune,2
587,Randy Conwell,Mumbai,4
588,Chip Dorricott,Chennai,4
589,Vitoria Godbert,Chennai,4
590,Sandye Tuson,Pune,4
591,Carmencita Bednall,Pune,3
592,Ogdon Lievesley,Mumbai,2
593,Brenden Gethouse,Hyderabad,1
594,Filbert Kleinhandler,Bangalore,1
595,Jamil Boraston,Hyderabad,3
596,Sydney Burwell,Chennai,4
597,Tootsie Burkitt,Bangalore,3
598,Case Peddel,Pune,3
599,Lizabeth Buard,Chennai,1
600,Shirline Sollitt,Mumbai,3
601,Hester Beresford,Mumbai,4
602,Lexine Simnel,Hyderabad,3
603,Margot Brickett,Hyderabad,3
604,Odille Haggidon,Bangalore,2
605,Tarah Ivanishev,Bangalore,4
606,Robinia Plaskitt,Hyderabad,1
607,Smith Keech,Pune,3
608,Osmond Kettell,Hyderabad,2
609,Eada Strangwood,Mumbai,1
610,Karilynn Bossom,Bangalore,2
611,Francesca Stealfox,Chennai,5
612,Roland Letham,Pune,4
613,Sukey Rubinowitz,Chennai,5
614,Pier Bromige,Hyderabad,1
615,Pietra Mepham,Hyderabad,5
616,Jeno Normansell,Hyderabad,5
617,Kimbell Legendre,Bangalore,1
618,Quillan Amber,Hyderabad,2
619,Leesa Gerold,Bangalore,2
620,Darn Guillard,Pune,3
621,Theadora Vials,Pune,1
622,Tricia Mazdon,Pune,1
623,Cris Milne,Pune,2
624,Artemis Riseborough,Pune,1
625,Madelina Clawsley,Hyderabad,1
626,Aurthur Caudray,Pune,3
627,Minny Dimond,Hyderabad,1
628,Hetty Poznan,Pune,1
629,Fina Heister,Mumbai,3
630,Sibyl Ebbins,Mumbai,4
631,Jae Weall,Bangalore,1
632,Monro Sander,Mumbai,2
633,Izak Moraleda,Pune,4
634,Trisha Doble,Chennai,4
635,Charmion Winsor,Pune,4
636,Vladimir Kleen,Pune,3
637,Pedro Bartens,Hyderabad,2
638,Fairlie Speir,Pune,5
639,Rodie Sifleet,Pune,2
640,Dianna Hanssmann,Mumbai,4
641,Parrnell Preuvost,Mumbai,1
642,Tish Stower,Mumbai,2
643,Marja Dixcey,Chennai,2
644,Manya Meehan,Pune,1
645,Carol-jean Kettlestringes,Chennai,1
646,Honoria Netting,Hyderabad,3
647,Nappie Haigh,Bangalore,3
648,Hirsch Eynald,Chennai,5
649,Marina Druett,Hyderabad,1
650,Elmira Rutherfoord,Pune,5
651,Tracie Rosekilly,Pune,4
652,Diarmid Covendon,Bangalore,3
653,Alfons Rowsell,Chennai,4
654,Kristine O' Connell,Hyderabad,3
655,Maddi Insole,Hyderabad,5
656,Marlowe Beidebeke,Mumbai,4
657,Rich Gyrgorwicx,Pune,2
658,Tremayne Fordham,Chennai,5
659,Noach McGlynn,Mumbai,4
660,Zacharias Egan,Pune,1
661,Philippe Vinker,Pune,4
662,Gabey Cuesta,Mumbai,3
663,Enriqueta Gostridge,Chennai,1
664,Agatha Pearl,Bangalore,2
665,Sunshine Creggan,Pune,2
666,Nelie MacDermot,Hyderabad,4
667,Saundra Pharo,Bangalore,5
668,Jaymee Wooton,Hyderabad,1
669,Richart Davidman,Pune,4
670,Valerye Gallamore,Pune,3
671,Catie Silverstone,Bangalore,4
672,Lilas Poller,Pune,4
673,Rhiamon MacCarrick,Hyderabad,1
674,Catarina MacAdam,Hyderabad,3
675,Egor Kensley,Pune,4
676,Pietra Cawse,Hyderabad,2
677,Raeann Ker,Hyderabad,4
678,Mickey Lowcock,Hyderabad,3
679,Belicia Shelp,Hyderabad,5
680,Sallee Hasluck,Mumbai,5
681,Yance MacScherie,Chennai,5
682,Tessi Bateson,Chennai,3
683,Ludvig Van der Velden,Chennai,5
684,Carree Fitchet,Chennai,2
685,Carole Roseaman,Pune,1
686,Kassi Barnett,Chennai,4
687,Dode Spatig,Hyderabad,1
688,Patten O'Hone,Hyderabad,3
689,Tracee Trundle,Mumbai,1
690,Augustine Izakov,Mumbai,1
691,Rustie Laite,Chennai,4
692,Douglas Simla,Mumbai,3
693,Alvin Sancto,Hyderabad,4
694,Farly Kilsby,Chennai,4
695,Pet Parks,Mumbai,1
696,Pedro Vagg,Mumbai,1
697,Isaiah Cortin,Mumbai,4
698,Conant Wenban,Bangalore,1
699,Jess Branston,Hyderabad,2
700,Delila Malley,Hyderabad,3
701,Tina Harrington,Hyderabad,3
702,Tiphanie Prott,Hyderabad,2
703,Adela Mackness,Chennai,3
704,Prentice Goodwyn,Bangalore,1
705,Mitchell Bigly,Bangalore,5
706,Wendall Mortell,Pune,4
707,Berti Tellwright,Hyderabad,2
708,Baird Beston,Bangalore,3
709,Maxim Skeech,Chennai,4
710,Lyssa Devonside,Chennai,5
711,Noreen Crosse,Chennai,5
712,Jasper Concannon,Chennai,5
713,Tootsie Adriaens,Mumbai,3
714,Sile Bogaert,Bangalore,3
715,Myrtie McCleod,Hyderabad,2
716,Nikaniki Eloi,Mumbai,4
717,Lynette Busson,Chennai,5
718,Doug Jennery,Mumbai,3
719,Rickie Bossom,Pune,2
720,Jon Flatt,Bangalore,3
721,Rodrigo Guidone,Bangalore,5
722,Grethel Yepiskov,Hyderabad,3
723,Sallie Lamond,Pune,3
724,Kyle Karchowski,Bangalore,1
725,Berny Boate,Mumbai,4
726,Fern Shawell,Pune,1
727,Kevon Ethington,Chennai,5
728,Odo Casserly,Hyderabad,4
729,Aveline Dimberline,Hyderabad,4
730,Isabel Speeks,Bangalore,2
731,Tomi Chedzoy,Mumbai,5
732,Deeanne Burchfield,Mumbai,4
733,Shir Marvell,Hyderabad,3
734,Algernon Fleckno,Mumbai,3
735,Crosby Levi,Mumbai,4
736,Charlotte Kevane,Chennai,4
737,Nessie Gowthorpe,Hyderabad,2
738,Kordula Rajchert,Mumbai,2
739,Merrili Neave,Chennai,2
740,Cordey Gerauld,Mumbai,4
741,Ardyce Dysert,Chennai,5
742,Devi Stokell,Pune,5
743,Starlene Verey,Bangalore,4
744,Abby Lanceley,Mumbai,5
745,Danila Giacomo,Hyderabad,4
746,Ronnie Gould,Pune,2
747,Corilla Patkin,Chennai,5
748,Jimmie Oddboy,Hyderabad,1
749,Yolane Brosh,Bangalore,2
750,Filippa Calven,Pune,2
751,Ailsun Gilhouley,Chennai,3
752,Wernher Jumeau,Mumbai,1
753,Rebecka Piet,Mumbai,3
754,Sadella Gerbl,Mumbai,2
755,Ruperto Rooson,Mumbai,2
756,Cathyleen Gallifont,Mumbai,5
757,Kelvin Goodfellowe,Chennai,2
758,Spencer Epelett,Pune,4
759,Alyce Limming,Pune,3
760,Jervis Naismith,Mumbai,3
761,Somerset Betton,Mumbai,4
762,Addie Studdal,Hyderabad,1
763,Anatola Buckie,Chennai,4
764,Howard Reye,Chennai,1
765,Parrnell Zotto,Mumbai,3
766,Rosamund Dunmore,Chennai,1
767,Magdalen Shillan,Pune,3
768,Vanya Tacey,Pune,4
769,Abraham Kumar,Mumbai,2
770,Hurlee Culp,Hyderabad,5
771,Winona Applin,Chennai,5
772,Valma Tchir,Pune,4
773,Rosemarie Junifer,Pune,4
774,Ginevra Robertson,Chennai,5
775,Celinka Widdocks,Mumbai,1
776,Vernice Beggio,Bangalore,5
777,Genovera Crimmins,Chennai,4
778,Rollin Roisen,Mumbai,3
779,Jermayne De la Perrelle,Mumbai,5
780,Kristien Diwell,Pune,2
781,Elane Melmar,Mumbai,4
782,Friedrich Samwyse,Chennai,1
783,Lyn Skittrall,Hyderabad,1
784,Yolanda Castelijn,Chennai,4
785,Dayna Brehat,Pune,2
786,Mikol Roggero,Bangalore,1
787,Ezekiel Kassman,Pune,2
788,Findley Semorad,Bangalore,2
789,Jackqueline Cawte,Mumbai,4
790,Kariotta Browett,Bangalore,2
791,Cory Brogan,Pune,1
792,Nichole Smithies,Chennai,4
793,Harp Blaby,Hyderabad,3
794,Rawley Boules,Mumbai,2
795,Benny Hatchett,Hyderabad,2
796,Othilia Klemz,Chennai,1
797,Judy Iacobini,Hyderabad,2
798,Rebeka Brookesbie,Chennai,2
799,Herbie Gaudon,Bangalore,4
800,Matilde Enbury,Mumbai,1
801,Iorgo Pitt,Chennai,2
802,Katey Stothart,Chennai,3
803,Moshe Walesa,Mumbai,2
804,Kerry Balham,Mumbai,2
805,Myrtice Groll,Bangalore,5
806,Claudianus Clegg,Chennai,4
807,Derrek Whitnell,Pune,5
808,Thomasine Chapple,Chennai,5
809,Farra Hicken,Bangalore,2
810,Biron Ablett,Pune,5
811,Jack Vandrill,Hyderabad,1
812,Melvyn Fox,Hyderabad,1
813,Edna Andreoletti,Pune,2
814,Alla Girodias,Bangalore,3
815,Isabeau Renfrew,Hyderabad,4
816,Sonny Lording,Hyderabad,5
817,Hallsy MacSwayde,Hyderabad,3
818,Konstance Di Pietro,Pune,3
819,Rosco Themann,Hyderabad,5
820,Giff Spitaro,Pune,2
821,Appolonia Edards,Pune,5
822,Janeva Sabin,Mumbai,3
823,Connor Acott,Hyderabad,3
824,Bernadine Harmant,Chennai,5
825,Fidel Pakeman,Pune,2
826,Nicoline Mawman,Bangalore,3
827,Clementina McArthur,Hyderabad,3
828,Molly Casel,Mumbai,4
829,Wandis Wilbud,Bangalore,1
830,Merrielle Vanner,Pune,5
831,Hamid Coppen,Mumbai,2
832,Gian Battershall,Hyderabad,4
833,Tallia Bineham,Pune,3
834,Bibbye Pickwell,Hyderabad,3
835,Quinlan Offield,Chennai,3
836,Ravid Killiner,Bangalore,2
837,Harrison Sallinger,Mumbai,5
838,Doralyn Kolakovic,Hyderabad,3
839,Diandra Georgescu,Mumbai,4
840,Becca Dressel,Hyderabad,5
841,Kim Dechelle,Chennai,5
842,Kirby Yeulet,Mumbai,4
843,Amy Thew,Hyderabad,5
844,Corrinne Frank,Mumbai,5
845,Legra Isakovic,Mumbai,3
846,Nessa Pattrick,Mumbai,3
847,Caro Shorthouse,Bangalore,1
848,Zarla de Keyser,Mumbai,1
849,Shir Petkov,Chennai,4
850,Amalie Trundler,Chennai,1
851,Shel Gordon,Bangalore,4
852,Mycah Sitlington,Bangalore,2
853,Kliment Monckton,Hyderabad,4
854,Antonin Hazeldene,Hyderabad,2
855,Tiff Joannet,Hyderabad,1
856,Lindsy Hoodlass,Mumbai,3
857,Belicia Vogeller,Chennai,5
858,Benedicta Glandon,Pune,5
859,Ware Cashmore,Bangalore,3
860,Annora Breward,Chennai,4
861,Kasper Botright,Hyderabad,4
862,Aubrey Bruckshaw,Pune,2
863,Ronnica Faiers,Chennai,1
864,Van Dennistoun,Hyderabad,1
865,Eddy Robertazzi,Hyderabad,2
866,Eveline Eads,Hyderabad,2
867,Edi Aslum,Chennai,1
868,Viole Tirte,Bangalore,3
869,Cicely Ogglebie,Pune,2
870,Ludovika Rentoll,Bangalore,1
871,Olympe Ulyat,Pune,1
872,Dominick Klainman,Bangalore,2
873,Christalle Jaquiss,Hyderabad,5
874,Ewen Allchorne,Chennai,4
875,Elisabet Powe,Mumbai,3
876,Phoebe Lope,Chennai,2
877,Davina Grisewood,Chennai,1
878,Brenn Wrought,Chennai,2
879,Sadye Gokes,Mumbai,3
880,Link Francie,Bangalore,4
881,Jessie Bladon,Pune,1
882,Lexis Waiton,Chennai,1
883,Gwendolen Duhig,Chennai,4
884,Bobbee Paffley,Hyderabad,3
885,Carita Irdale,Chennai,1
886,Colene Calfe,Chennai,1
887,Windy Prince,Chennai,1
888,Lizbeth Brownlee,Pune,5
889,Netty Hanrahan,Mumbai,2
890,Kellia Neilands,Chennai,5
891,Cathlene Swindell,Mumbai,3
892,Dar Dmitrichenko,Chennai,5
893,Isidoro Siege,Bangalore,4
894,Hadrian Undy,Hyderabad,3
895,Law Tappin,Mumbai,3
896,Gui Gradley,Hyderabad,3
897,Anastasia Risbridger,Pune,5
898,Lissa Marty,Hyderabad,1
899,Scotty Vertigan,Bangalore,3
900,Margy Hodgets,Mumbai,3
901,Camey Smogur,Bangalore,5
902,Hatty Linck,Hyderabad,4
903,Boony Peschet,Bangalore,5
904,Byrle Hardey,Chennai,1
905,Aleksandr Clelle,Hyderabad,3
906,Neila Vannikov,Pune,1
907,Murry Baber,Hyderabad,3
908,Wait Rollin,Hyderabad,4
909,Ardyth Ingle,Chennai,4
910,Loralee Beig,Mumbai,1
911,Torrie Gofford,Hyderabad,4
912,Yoshi Loiterton,Pune,1
913,Gaven Bossingham,Pune,2
914,Ariana Tonna,Hyderabad,3
915,Daryn Heers,Chennai,2
916,Sidnee Emery,Bangalore,3
917,Timmy Baythorp,Bangalore,2
918,Kylie Vautrey,Bangalore,2
919,Hollis Hanmore,Chennai,5
920,Lettie Denisard,Pune,3
921,Colan Endrighi,Chennai,5
922,Marge Veysey,Chennai,2
923,Margaux Ferreo,Hyderabad,1
924,Lennard Causbey,Pune,2
925,Petunia Zavattiero,Pune,5
926,Sky Tilzey,Pune,5
927,Elenore Agge,Bangalore,1
928,Caesar Glave,Hyderabad,5
929,Alphard Biggins,Hyderabad,3
930,Amalea Canelas,Pune,2
931,Grady Borgars,Pune,1
932,Bordie Penni,Mumbai,3
933,Veronique Baumford,Bangalore,2
934,Franciska Goretti,Hyderabad,1
935,Quintus Lymer,Chennai,3
936,Clemmie Jouanot,Mumbai,2
937,Lesley Rapps,Hyderabad,1
938,Ulick Dodell,Hyderabad,5
939,Hilary Boutell,Chennai,4
940,Adams Olin,Bangalore,4
941,Dannye Kettles,Mumbai,1
942,Olivero Lindeberg,Bangalore,3
943,Simon Petken,Pune,4
944,Amabelle Stallen,Pune,4
945,Berni Dominighi,Bangalore,3
946,Philippe Bulbrook,Chennai,2
947,Jacob Stode,Mumbai,1
948,Adamo Halt,Hyderabad,5
949,Waldon Cullum,Bangalore,4
950,Addy McLeese,Chennai,3
951,Camel Durkin,Hyderabad,2
952,Ilsa Shelf,Hyderabad,1
953,Edik Maingot,Pune,5
954,Clem Licciardiello,Hyderabad,3
955,Lazaro Cleever,Bangalore,5
956,Monte Artin,Bangalore,5
957,Gradey Peachment,Chennai,5
958,Seana O'Brogan,Hyderabad,2
959,Sherilyn Stoate,Mumbai,1
960,Hieronymus Schiementz,Pune,1
961,Mose Visick,Chennai,2
962,Nellie Ordish,Mumbai,1
963,Brockie Bramont,Pune,5
964,Winston Stokell,Hyderabad,1
965,Malvina Stegell,Mumbai,5
966,Dehlia Heams,Hyderabad,3
967,Chere Skyrme,Pune,1
968,Lek Belverstone,Bangalore,2
969,Yettie Sperwell,Mumbai,1
970,Olly Bellringer,Hyderabad,4
971,Norton Kestian,Mumbai,2
972,Adina Bartlosz,Pune,2
973,Parsifal Nelles,Pune,4
974,Andrus Hazeman,Bangalore,3
975,Ajay Applin,Pune,1
976,Mable Lackeye,Bangalore,5
977,Malissa Waterfall,Bangalore,2
978,Orlan Myhan,Hyderabad,3
979,Evelina Cornelleau,Hyderabad,4
980,Keven Ogilvy,Pune,2
981,La verne Pedrollo,Mumbai,1
982,Pasquale Barca,Chennai,1
983,Lynnell Januszewicz,Mumbai,3
984,Earle Rusted,Chennai,3
985,Fleur Dibb,Hyderabad,3
986,My Jenoure,Mumbai,5
987,Scarlett Austwick,Bangalore,1
988,Dietrich Dumphy,Hyderabad,2
989,Rowland Shenfish,Bangalore,4
990,Clayborne Ritzman,Chennai,2
991,Dacia Ainsley,Pune,2
992,Claudian Abell,Mumbai,4
993,Ulla Sealy,Mumbai,2
994,Hazel Hembery,Bangalore,3
995,Delilah Crabtree,Hyderabad,4
996,Kyle Matterson,Hyderabad,5
997,Arman Farnaby,Pune,2
998,Joseito Nelissen,Mumbai,2
999,Joelynn Dibnah,Hyderabad,3
1000,Verile Carnow,Bangalore,5
